{"transition":{"name":"transition","moduleName":"\"ui.bootstrap.transition\"","displayName":"Transition","srcFiles":["src/transition/transition.js"],"tplFiles":[],"tpljsFiles":[],"tplModules":[],"dependencies":[]},"collapse":{"name":"collapse","moduleName":"\"ui.bootstrap.collapse\"","displayName":"Collapse","srcFiles":["src/collapse/collapse.js"],"tplFiles":[],"tpljsFiles":[],"tplModules":[],"dependencies":["transition"]},"accordion":{"name":"accordion","moduleName":"\"ui.bootstrap.accordion\"","displayName":"Accordion","srcFiles":["src/accordion/accordion.js"],"tplFiles":["template/accordion/accordion-group.html","template/accordion/accordion.html"],"tpljsFiles":["template/accordion/accordion-group.html.js","template/accordion/accordion.html.js"],"tplModules":["\"template/accordion/accordion-group.html\"","\"template/accordion/accordion.html\""],"dependencies":["collapse","transition"]},"alert":{"name":"alert","moduleName":"\"ui.bootstrap.alert\"","displayName":"Alert","srcFiles":["src/alert/alert.js"],"tplFiles":["template/alert/alert.html"],"tpljsFiles":["template/alert/alert.html.js"],"tplModules":["\"template/alert/alert.html\""],"dependencies":[]},"bindHtml":{"name":"bindHtml","moduleName":"\"ui.bootstrap.bindHtml\"","displayName":"Bind Html","srcFiles":["src/bindHtml/bindHtml.js"],"tplFiles":[],"tpljsFiles":[],"tplModules":[],"dependencies":[]},"buttons":{"name":"buttons","moduleName":"\"ui.bootstrap.buttons\"","displayName":"Buttons","srcFiles":["src/buttons/buttons.js"],"tplFiles":[],"tpljsFiles":[],"tplModules":[],"dependencies":[]},"carousel":{"name":"carousel","moduleName":"\"ui.bootstrap.carousel\"","displayName":"Carousel","srcFiles":["src/carousel/carousel.js"],"tplFiles":["template/carousel/carousel.html","template/carousel/slide.html"],"tpljsFiles":["template/carousel/carousel.html.js","template/carousel/slide.html.js"],"tplModules":["\"template/carousel/carousel.html\"","\"template/carousel/slide.html\""],"dependencies":["transition"]},"dateparser":{"name":"dateparser","moduleName":"\"ui.bootstrap.dateparser\"","displayName":"Dateparser","srcFiles":["src/dateparser/dateparser.js"],"tplFiles":[],"tpljsFiles":[],"tplModules":[],"dependencies":[]},"position":{"name":"position","moduleName":"\"ui.bootstrap.position\"","displayName":"Position","srcFiles":["src/position/position.js"],"tplFiles":[],"tpljsFiles":[],"tplModules":[],"dependencies":[]},"datepicker":{"name":"datepicker","moduleName":"\"ui.bootstrap.datepicker\"","displayName":"Datepicker","srcFiles":["src/datepicker/datepicker.js"],"tplFiles":["template/datepicker/datepicker.html","template/datepicker/day.html","template/datepicker/month.html","template/datepicker/popup.html","template/datepicker/year.html"],"tpljsFiles":["template/datepicker/datepicker.html.js","template/datepicker/day.html.js","template/datepicker/month.html.js","template/datepicker/popup.html.js","template/datepicker/year.html.js"],"tplModules":["\"template/datepicker/datepicker.html\"","\"template/datepicker/day.html\"","\"template/datepicker/month.html\"","\"template/datepicker/popup.html\"","\"template/datepicker/year.html\""],"dependencies":["dateparser","position"]},"dropdown":{"name":"dropdown","moduleName":"\"ui.bootstrap.dropdown\"","displayName":"Dropdown","srcFiles":["src/dropdown/dropdown.js"],"tplFiles":[],"tpljsFiles":[],"tplModules":[],"dependencies":[]},"modal":{"name":"modal","moduleName":"\"ui.bootstrap.modal\"","displayName":"Modal","srcFiles":["src/modal/modal.js"],"tplFiles":["template/modal/backdrop.html","template/modal/window.html"],"tpljsFiles":["template/modal/backdrop.html.js","template/modal/window.html.js"],"tplModules":["\"template/modal/backdrop.html\"","\"template/modal/window.html\""],"dependencies":["transition"]},"pagination":{"name":"pagination","moduleName":"\"ui.bootstrap.pagination\"","displayName":"Pagination","srcFiles":["src/pagination/pagination.js"],"tplFiles":["template/pagination/pager.html","template/pagination/pagination.html"],"tpljsFiles":["template/pagination/pager.html.js","template/pagination/pagination.html.js"],"tplModules":["\"template/pagination/pager.html\"","\"template/pagination/pagination.html\""],"dependencies":[]},"tooltip":{"name":"tooltip","moduleName":"\"ui.bootstrap.tooltip\"","displayName":"Tooltip","srcFiles":["src/tooltip/tooltip.js"],"tplFiles":["template/tooltip/tooltip-html-unsafe-popup.html","template/tooltip/tooltip-popup.html"],"tpljsFiles":["template/tooltip/tooltip-html-unsafe-popup.html.js","template/tooltip/tooltip-popup.html.js"],"tplModules":["\"template/tooltip/tooltip-html-unsafe-popup.html\"","\"template/tooltip/tooltip-popup.html\""],"dependencies":["position","bindHtml"]},"popover":{"name":"popover","moduleName":"\"ui.bootstrap.popover\"","displayName":"Popover","srcFiles":["src/popover/popover.js"],"tplFiles":["template/popover/popover.html"],"tpljsFiles":["template/popover/popover.html.js"],"tplModules":["\"template/popover/popover.html\""],"dependencies":["tooltip","position","bindHtml"]},"progressbar":{"name":"progressbar","moduleName":"\"ui.bootstrap.progressbar\"","displayName":"Progressbar","srcFiles":["src/progressbar/progressbar.js"],"tplFiles":["template/progressbar/bar.html","template/progressbar/progress.html","template/progressbar/progressbar.html"],"tpljsFiles":["template/progressbar/bar.html.js","template/progressbar/progress.html.js","template/progressbar/progressbar.html.js"],"tplModules":["\"template/progressbar/bar.html\"","\"template/progressbar/progress.html\"","\"template/progressbar/progressbar.html\""],"dependencies":[]},"rating":{"name":"rating","moduleName":"\"ui.bootstrap.rating\"","displayName":"Rating","srcFiles":["src/rating/rating.js"],"tplFiles":["template/rating/rating.html"],"tpljsFiles":["template/rating/rating.html.js"],"tplModules":["\"template/rating/rating.html\""],"dependencies":[]},"tabs":{"name":"tabs","moduleName":"\"ui.bootstrap.tabs\"","displayName":"Tabs","srcFiles":["src/tabs/tabs.js"],"tplFiles":["template/tabs/tab.html","template/tabs/tabset.html"],"tpljsFiles":["template/tabs/tab.html.js","template/tabs/tabset.html.js"],"tplModules":["\"template/tabs/tab.html\"","\"template/tabs/tabset.html\""],"dependencies":[]},"timepicker":{"name":"timepicker","moduleName":"\"ui.bootstrap.timepicker\"","displayName":"Timepicker","srcFiles":["src/timepicker/timepicker.js"],"tplFiles":["template/timepicker/timepicker.html"],"tpljsFiles":["template/timepicker/timepicker.html.js"],"tplModules":["\"template/timepicker/timepicker.html\""],"dependencies":[]},"typeahead":{"name":"typeahead","moduleName":"\"ui.bootstrap.typeahead\"","displayName":"Typeahead","srcFiles":["src/typeahead/typeahead.js"],"tplFiles":["template/typeahead/typeahead-match.html","template/typeahead/typeahead-popup.html"],"tpljsFiles":["template/typeahead/typeahead-match.html.js","template/typeahead/typeahead-popup.html.js"],"tplModules":["\"template/typeahead/typeahead-match.html\"","\"template/typeahead/typeahead-popup.html\""],"dependencies":["position","bindHtml"]}}